Workbook
Name branches: Revenue_Dashboard!$C$4
Name Count_By_Food_Item: 'Orders By Food item'!$H$2
Name Food_Category: Revenue_Dashboard!$P$4
Name Food_Items: Revenue_Dashboard!$I$4
Name Revenue_By_Branches: 'Orders By Branches'!$K$2
Name Revenue_By_Food_Category: 'Order By Food Category'!$I$2

Sheet Basic Data
A1: Category | B1: Items | C1: Price | D1: Branch | E1: Quantity | F1: Revenue
A2: Starters | B2: Baby corn chilli | C2: 170 | D2: Chrompet | E2: 1 | F2: =C2*E2 -> 170
A3: Roti | B3: Aloo Paratha | C3: 65 | D3: Anna Nagar | E3: 5 | F3: =C3*E3 -> 325
A4: Roti | B4: Garlic Naan | C4: 42 | D4: Anna Nagar | E4: 3 | F4: =C4*E4 -> 126
A5: Gravy | B5: Malai Kofta | C5: 170 | D5: Anna Nagar | E5: 3 | F5: =C5*E5 -> 510
A6: Rice | B6: Veg Briyani | C6: 120 | D6: Chrompet | E6: 4 | F6: =C6*E6 -> 480
A7: Desert | B7: Brownie with Icecream | C7: 140 | D7: Chrompet | E7: 2 | F7: =C7*E7 -> 280
A8: Starters | B8: Baby corn chilli | C8: 170 | D8: Guindy | E8: 34 | F8: =C8*E8 -> 5780
A9: Roti | B9: Phulka | C9: 15 | D9: Guindy | E9: 14 | F9: =C9*E9 -> 210
A10: Gravy | B10: Kadai Veg | C10: 160 | D10: Guindy | E10: 6 | F10: =C10*E10 -> 960
A11: Starters | B11: Gobi Manchurian | C11: 110 | D11: K.K Nagar | E11: 15 | F11: =C11*E11 -> 1650
A12: Starters | B12: Baby corn chilli | C12: 170 | D12: K.K Nagar | E12: 12 | F12: =C12*E12 -> 2040
A13: Roti | B13: Paneer Paratha | C13: 85 | D13: K.K Nagar | E13: 19 | F13: =C13*E13 -> 1615
... A41: Desert | B41: Chocolate Cake | C41: 250 | D41: Velacherry | E41: 9 | F41: =C41*E41 -> 2250

Sheet Revenue_Dashboard
E1: Revenue Dashboard for 2K Restaurant
C3: Branches | I3: Food Items | P3: Food Category
C4: Kolapakkam | I4: Baby corn Manchurian | P4: Desert

Sheet Data_Validation
A1: Branches | B1: Branches_Sorted | F1: Food Category | G1: Food Category Sorted | J1: Food Items | K1: Food_Items_Sorted
A2: K.K Nagar | B2: {=_xlfn._xlws.SORT(A2:A17)} -> Anna Nagar | F2: Starters | G2: {=_xlfn._xlws.SORT(F2:F8)} -> Desert | J2: Gobi Manchurian | K2: {=_xlfn._xlws.SORT(J2:J34)} -> Aloo Paratha
A3: Guindy | B3: Chrompet | F3: Soup | G3: Gravy | J3: Gobi 65 | K3: Baby corn chilli
A4: Tambaram | B4: Guindy | F4: Roti | G4: Noodles | J4: Baby corn chilli | K4: Baby corn Manchurian
A5: Kolapakkam | B5: K.K Nagar | F5: Rice | G5: Rice | J5: Panner Manchurian | K5: Brownie with Icecream
A6: Porur | B6: Kodambakkam | F6: Gravy | G6: Roti | J6: Baby corn Manchurian | K6: Butter Naan
A7: Maduravoyal | B7: Kolapakkam | F7: Noodles | G7: Soup | J7: Tomato Soup | K7: Chocolate Cake
A8: Pallavaram | B8: Maduravoyal | F8: Desert | G8: Starters | J8: Veg soup | K8: Coconut Cake
A9: Anna Nagar | B9: Mogapir | J9: Sweet Corn Soup | K9: Garlic Naan
A10: T. Nagar | B10: Nungambakkam | J10: Butter Naan | K10: Ghee Rice
A11: Velacherry | B11: Pallavaram | J11: Garlic Naan | K11: Gobi 65
A12: Saidapet | B12: Porur | J12: Phulka | K12: Gobi Manchurian
A13: Chrompet | B13: Saidapet | J13: Aloo Paratha | K13: Green Peas Masala
A14: Mogapir | B14: Sholinganallur | J14: Paneer Paratha | K14: Kadai Paneer
A15: Sholinganallur | B15: T. Nagar | J15: Veg Fried Rice | K15: Kadai Veg
A16: Nungambakkam | B16: Tambaram | J16: Paneer Fried Rice | K16: Malai Kofta
A17: Kodambakkam | B17: Velacherry | J17: Ghee Rice | K17: Mushroom Noodles
J18: Veg Briyani | K18: Paneer Fried Rice
J19: Tomato Rice | K19: Paneer Noodles
J20: Kadai Paneer | K20: Paneer Paratha
J21: Malai Kofta | K21: Panner Manchurian
J22: Kadai Veg | K22: Phulka
J23: Veg Kurma | K23: Schezwan Paneer Noodles
J24: Green Peas Masala | K24: Schezwan Veg Noodles
J25: Veg Noodles | K25: Strawberry Cheese Cake
J26: Mushroom Noodles | K26: Sweet Corn Soup
J27: Paneer Noodles | K27: Tomato Rice
J28: Schezwan Veg Noodles | K28: Tomato Soup
J29: Schezwan Paneer Noodles | K29: Triple Chocolate
... J34: Brownie with Icecream | K34: Veg soup

Sheet Orders By Branches
A1: Branches | B1: Branches Sorted | C1: Revenue By Branch | D1: Count of food items ordered | G1: Branch Filter
A2: {=Data_Validation!A2:A17} -> K.K Nagar | B2: {=_xlfn.ANCHORARRAY(Data_Validation!B2)} -> Anna Nagar | C2: =SUMIF('Basic Data'!$D$2:$D$41,$B2,'Basic Data'!$F$2:$F$41) -> 961 | D2: =SUMIF('Basic Data'!$D$2:$D$41,$B2,'Basic Data'!$E$2:$E$41) -> 11 | G2: {=_xlfn._xlws.SORT(_xlfn._xlws.FILTER(B2:C17,ISNUMBER(C2:C17)),2,-1)} -> Maduravoyal | H2: 7830 | K2: =_xlfn.XLOOKUP(branches,G2:G17,H2:H17) -> 2505
A3: Guindy | B3: Chrompet | C3: =SUMIF('Basic Data'!$D$2:$D$41,$B3,'Basic Data'!$F$2:$F$41) -> 930 | D3: =SUMIF('Basic Data'!$D$2:$D$41,$B3,'Basic Data'!$E$2:$E$41) -> 7 | G3: Guindy | H3: 6950
A4: Tambaram | B4: Guindy | C4: =SUMIF('Basic Data'!$D$2:$D$41,$B4,'Basic Data'!$F$2:$F$41) -> 6950 | D4: =SUMIF('Basic Data'!$D$2:$D$41,$B4,'Basic Data'!$E$2:$E$41) -> 54 | G4: K.K Nagar | H4: 5865
A5: Kolapakkam | B5: K.K Nagar | C5: =SUMIF('Basic Data'!$D$2:$D$41,$B5,'Basic Data'!$F$2:$F$41) -> 5865 | D5: =SUMIF('Basic Data'!$D$2:$D$41,$B5,'Basic Data'!$E$2:$E$41) -> 50 | G5: T. Nagar | H5: 5570
A6: Porur | B6: Kodambakkam | C6: =SUMIF('Basic Data'!$D$2:$D$41,$B6,'Basic Data'!$F$2:$F$41) -> 560 | D6: =SUMIF('Basic Data'!$D$2:$D$41,$B6,'Basic Data'!$E$2:$E$41) -> 7 | G6: Velacherry | H6: 4290
A7: Maduravoyal | B7: Kolapakkam | C7: =SUMIF('Basic Data'!$D$2:$D$41,$B7,'Basic Data'!$F$2:$F$41) -> 2505 | D7: =SUMIF('Basic Data'!$D$2:$D$41,$B7,'Basic Data'!$E$2:$E$41) -> 24 | G7: Nungambakkam | H7: 4110
A8: Pallavaram | B8: Maduravoyal | C8: =SUMIF('Basic Data'!$D$2:$D$41,$B8,'Basic Data'!$F$2:$F$41) -> 7830 | D8: =SUMIF('Basic Data'!$D$2:$D$41,$B8,'Basic Data'!$E$2:$E$41) -> 57 | G8: Pallavaram | H8: 3730
A9: Anna Nagar | B9: Mogapir | C9: =SUMIF('Basic Data'!$D$2:$D$41,$B9,'Basic Data'!$F$2:$F$41) -> 1190 | D9: =SUMIF('Basic Data'!$D$2:$D$41,$B9,'Basic Data'!$E$2:$E$41) -> 7 | G9: Saidapet | H9: 3285
A10: T. Nagar | B10: Nungambakkam | C10: =SUMIF('Basic Data'!$D$2:$D$41,$B10,'Basic Data'!$F$2:$F$41) -> 4110 | D10: =SUMIF('Basic Data'!$D$2:$D$41,$B10,'Basic Data'!$E$2:$E$41) -> 25 | G10: Kolapakkam | H10: 2505
A11: Velacherry | B11: Pallavaram | C11: =SUMIF('Basic Data'!$D$2:$D$41,$B11,'Basic Data'!$F$2:$F$41) -> 3730 | D11: =SUMIF('Basic Data'!$D$2:$D$41,$B11,'Basic Data'!$E$2:$E$41) -> 23 | G11: Porur | H11: 2320
A12: Saidapet | B12: Porur | C12: =SUMIF('Basic Data'!$D$2:$D$41,$B12,'Basic Data'!$F$2:$F$41) -> 2320 | D12: =SUMIF('Basic Data'!$D$2:$D$41,$B12,'Basic Data'!$E$2:$E$41) -> 21 | G12: Tambaram | H12: 1760
A13: Chrompet | B13: Saidapet | C13: =SUMIF('Basic Data'!$D$2:$D$41,$B13,'Basic Data'!$F$2:$F$41) -> 3285 | D13: =SUMIF('Basic Data'!$D$2:$D$41,$B13,'Basic Data'!$E$2:$E$41) -> 60 | G13: Mogapir | H13: 1190
A14: Mogapir | B14: Sholinganallur | C14: =SUMIF('Basic Data'!$D$2:$D$41,$B14,'Basic Data'!$F$2:$F$41) -> 480 | D14: =SUMIF('Basic Data'!$D$2:$D$41,$B14,'Basic Data'!$E$2:$E$41) -> 4 | G14: Anna Nagar | H14: 961
... A17: Kodambakkam | B17: Velacherry | C17: =SUMIF('Basic Data'!$D$2:$D$41,$B17,'Basic Data'!$F$2:$F$41) -> 4290 | D17: =SUMIF('Basic Data'!$D$2:$D$41,$B17,'Basic Data'!$E$2:$E$41) -> 21 | G17: Sholinganallur | H17: 480

Sheet Orders By Food item
A1: Food Items | B1: Count of Food Items Ordered | C1: Revenue By Food Items | E1: Food_Items_Sorted
A2: {=_xlfn.ANCHORARRAY(Data_Validation!K2)} -> Aloo Paratha | B2: =SUMIF('Basic Data'!$B$2:$B$41,$A2,'Basic Data'!$E$2:$E$41) -> 5 | C2: =SUMIF('Basic Data'!$B$2:$B$41,$A2,'Basic Data'!$F$2:$F$41) -> 325 | E2: {=_xlfn._xlws.SORT(_xlfn._xlws.FILTER(A2:B34,ISNUMBER(B2:B34)),2,-1)} -> Gobi Manchurian | F2: 85 | H2: =_xlfn.XLOOKUP(Food_Items,E2:E28,F2:F28) -> 40
A3: Baby corn chilli | B3: =SUMIF('Basic Data'!$B$2:$B$41,$A3,'Basic Data'!$E$2:$E$41) -> 80 | C3: =SUMIF('Basic Data'!$B$2:$B$41,$A3,'Basic Data'!$F$2:$F$41) -> 13600 | E3: Baby corn chilli | F3: 80
A4: Baby corn Manchurian | B4: =SUMIF('Basic Data'!$B$2:$B$41,$A4,'Basic Data'!$E$2:$E$41) -> 40 | C4: =SUMIF('Basic Data'!$B$2:$B$41,$A4,'Basic Data'!$F$2:$F$41) -> 6800 | E4: Phulka | F4: 53
A5: Brownie with Icecream | B5: =SUMIF('Basic Data'!$B$2:$B$41,$A5,'Basic Data'!$E$2:$E$41) -> 14 | C5: =SUMIF('Basic Data'!$B$2:$B$41,$A5,'Basic Data'!$F$2:$F$41) -> 1960 | E5: Butter Naan | F5: 45
A6: Butter Naan | B6: =SUMIF('Basic Data'!$B$2:$B$41,$A6,'Basic Data'!$E$2:$E$41) -> 45 | C6: =SUMIF('Basic Data'!$B$2:$B$41,$A6,'Basic Data'!$F$2:$F$41) -> 1620 | E6: Baby corn Manchurian | F6: 40
A7: Chocolate Cake | B7: =SUMIF('Basic Data'!$B$2:$B$41,$A7,'Basic Data'!$E$2:$E$41) -> 9 | C7: =SUMIF('Basic Data'!$B$2:$B$41,$A7,'Basic Data'!$F$2:$F$41) -> 2250 | E7: Paneer Paratha | F7: 19
A8: Coconut Cake | B8: =SUMIF('Basic Data'!$B$2:$B$41,$A8,'Basic Data'!$E$2:$E$41) -> 3 | C8: =SUMIF('Basic Data'!$B$2:$B$41,$A8,'Basic Data'!$F$2:$F$41) -> 450 | E8: Panner Manchurian | F8: 15
A9: Garlic Naan | B9: =SUMIF('Basic Data'!$B$2:$B$41,$A9,'Basic Data'!$E$2:$E$41) -> 3 | C9: =SUMIF('Basic Data'!$B$2:$B$41,$A9,'Basic Data'!$F$2:$F$41) -> 126 | E9: Brownie with Icecream | F9: 14
A10: Ghee Rice | B10: =SUMIF('Basic Data'!$B$2:$B$41,$A10,'Basic Data'!$E$2:$E$41) -> 0 | C10: =SUMIF('Basic Data'!$B$2:$B$41,$A10,'Basic Data'!$F$2:$F$41) -> 0 | E10: Paneer Fried Rice | F10: 12
A11: Gobi 65 | B11: =SUMIF('Basic Data'!$B$2:$B$41,$A11,'Basic Data'!$E$2:$E$41) -> 11 | C11: =SUMIF('Basic Data'!$B$2:$B$41,$A11,'Basic Data'!$F$2:$F$41) -> 1320 | E11: Gobi 65 | F11: 11
A12: Gobi Manchurian | B12: =SUMIF('Basic Data'!$B$2:$B$41,$A12,'Basic Data'!$E$2:$E$41) -> 85 | C12: =SUMIF('Basic Data'!$B$2:$B$41,$A12,'Basic Data'!$F$2:$F$41) -> 9350 | E12: Sweet Corn Soup | F12: 10
A13: Green Peas Masala | B13: =SUMIF('Basic Data'!$B$2:$B$41,$A13,'Basic Data'!$E$2:$E$41) -> 2 | C13: =SUMIF('Basic Data'!$B$2:$B$41,$A13,'Basic Data'!$F$2:$F$41) -> 260 | E13: Chocolate Cake | F13: 9
A14: Kadai Paneer | B14: =SUMIF('Basic Data'!$B$2:$B$41,$A14,'Basic Data'!$E$2:$E$41) -> 5 | C14: =SUMIF('Basic Data'!$B$2:$B$41,$A14,'Basic Data'!$F$2:$F$41) -> 875 | E14: Veg Fried Rice | F14: 9
... A34: Veg soup | B34: =SUMIF('Basic Data'!$B$2:$B$41,$A34,'Basic Data'!$E$2:$E$41) -> 2 | C34: =SUMIF('Basic Data'!$B$2:$B$41,$A34,'Basic Data'!$F$2:$F$41) -> 160 | E34: Veg Noodles | F34: 0

Sheet Order By Food Category
A1: Food Category | B1: Revenue By Food Category | C1: Count of Food Category | F1: Food _Category_Sorted
A2: {=_xlfn.ANCHORARRAY(Data_Validation!G2)} -> Desert | B2: =SUMIF('Basic Data'!$A$2:$A$41,$A2,'Basic Data'!$F$2:$F$41) -> 5700 | C2: =SUMIF('Basic Data'!$A$2:$A$41,$A2,'Basic Data'!$E$2:$E$41) -> 32 | F2: {=_xlfn._xlws.SORT(_xlfn._xlws.FILTER(A2:B8,ISNUMBER(B2:B8)),2,-1)} -> Starters | G2: 33695 | I2: =_xlfn.XLOOKUP(Food_Category,F2:F8,G2:G8) -> 5700
A3: Gravy | B3: =SUMIF('Basic Data'!$A$2:$A$41,$A3,'Basic Data'!$F$2:$F$41) -> 2725 | C3: =SUMIF('Basic Data'!$A$2:$A$41,$A3,'Basic Data'!$E$2:$E$41) -> 17 | F3: Desert | G3: 5700
A4: Noodles | B4: =SUMIF('Basic Data'!$A$2:$A$41,$A4,'Basic Data'!$F$2:$F$41) -> 1190 | C4: =SUMIF('Basic Data'!$A$2:$A$41,$A4,'Basic Data'!$E$2:$E$41) -> 7 | F4: Roti | G4: 4481
A5: Rice | B5: =SUMIF('Basic Data'!$A$2:$A$41,$A5,'Basic Data'!$F$2:$F$41) -> 3585 | C5: =SUMIF('Basic Data'!$A$2:$A$41,$A5,'Basic Data'!$E$2:$E$41) -> 31 | F5: Rice | G5: 3585
A6: Roti | B6: =SUMIF('Basic Data'!$A$2:$A$41,$A6,'Basic Data'!$F$2:$F$41) -> 4481 | C6: =SUMIF('Basic Data'!$A$2:$A$41,$A6,'Basic Data'!$E$2:$E$41) -> 125 | F6: Gravy | G6: 2725
A7: Soup | B7: =SUMIF('Basic Data'!$A$2:$A$41,$A7,'Basic Data'!$F$2:$F$41) -> 960 | C7: =SUMIF('Basic Data'!$A$2:$A$41,$A7,'Basic Data'!$E$2:$E$41) -> 12 | F7: Noodles | G7: 1190
A8: Starters | B8: =SUMIF('Basic Data'!$A$2:$A$41,$A8,'Basic Data'!$F$2:$F$41) -> 33695 | C8: =SUMIF('Basic Data'!$A$2:$A$41,$A8,'Basic Data'!$E$2:$E$41) -> 231 | F8: Soup | G8: 960
